sub_ids,user_ids,sub_reddits,sub_ups,sub_utc
t5_2spe2,brendadiamond220,Tell me about the library,1,2023-12-13 02:07:12
t5_2spe2,brendadiamond220,Tell me about the library,1,2023-12-12 23:58:06
t5_2spe2,ElleK02,Is Elon Good?,1,2023-12-07 10:34:50
t5_2spe2,R1cePanda,Prospective transfer student,1,2023-12-06 01:32:59
t5_2spe2,NoPop3526,Dating scene,1,2023-12-06 01:31:20
t5_2spe2,applesauceisafruit,Transferring to elon?,1,2023-12-06 01:30:08
t5_2spe2,ElleK02,Is Elon Good?,1,2023-12-05 23:05:27
t5_2spe2,Puzzleheaded_Tank_94,"Pickup üèÄ, Open Gyms?",1,2023-11-28 01:20:07
t5_2spe2,applesauceisafruit,Transferring to elon?,1,2023-11-27 03:19:05
t5_2spe2,Suitable_Outcome2548,Are there any Asian kids at Elon? Any diversity?,1,2023-11-18 03:55:17
t5_2spe2,Suitable_Outcome2548,Are there any Asian kids at Elon? Any diversity?,1,2023-11-18 03:15:41
t5_2spe2,happyuntamed50,Best coffee in Elon area?,1,2023-11-17 22:17:11
t5_2spe2,happyuntamed50,Best coffee in Elon area?,1,2023-11-17 01:35:12
t5_2spe2,happyuntamed50,Best coffee in Elon area?,2,2023-11-16 20:46:59
t5_2spe2,happyuntamed50,Best coffee in Elon area?,1,2023-11-16 14:28:56
t5_2spe2,happyuntamed50,Best coffee in Elon area?,3,2023-11-16 14:28:16
t5_2spe2,applesauceisafruit,Transferring to elon?,1,2023-11-15 20:10:13
t5_2spe2,Dependent-Ad-5005,Applying to Elon,1,2023-11-14 03:55:22
t5_2spe2,Dependent-Ad-5005,Applying to Elon,1,2023-11-14 03:27:10
t5_2spe2,Dependent-Ad-5005,Applying to Elon,1,2023-11-14 03:26:48
t5_2spe2,R1cePanda,Computer engineering at Elon?,1,2023-11-14 03:24:17
t5_2spe2,NoPop3526,Dating scene,2,2023-11-11 06:06:28
t5_2spe2,NoPop3526,Dating scene,2,2023-11-10 17:15:25
t5_2spe2,NoPop3526,Dating scene,2,2023-11-10 17:08:46
t5_2spe2,IslandSweet9548,Honors &amp; Fellows Programs @ Elon+other questions,1,2023-11-10 16:13:57
t5_2spe2,IslandSweet9548,Honors &amp; Fellows Programs @ Elon+other questions,1,2023-11-10 16:09:05
t5_2spe2,ConsiderationTop8268,Fine Arts at Elon,1,2023-11-07 05:13:21
t5_2spe2,Billiejeankerosene,Cyber Truck *with paddle boards at Lake LBJ,1,2023-11-06 02:17:36
t5_2spe2,R1cePanda,Computer engineering at Elon?,1,2023-11-04 04:23:47
t5_2spe2,Chiccco-,Facebook is the Fake news champion of the world. Great work!,1,2023-11-03 20:28:35
t5_2spe2,Chiccco-,Facebook is the Fake news champion of the world. Great work!,1,2023-11-03 20:26:27
t5_2spe2,allie615,Self report AP?,2,2023-10-28 23:46:11
t5_2spe2,ConsiderationTop8268,Fine Arts at Elon,1,2023-10-28 01:07:11
t5_2spe2,Beneficial_Elk9677,ELON MUSK DEFENDS ANDREW TATE!,1,2023-10-27 10:42:41
t5_2spe2,Nicaraguan_American,Any good places to watch the Sunset on campus?,1,2023-10-27 02:46:04
t5_2spe2,Nicaraguan_American,Any good places to watch the Sunset on campus?,1,2023-10-26 21:05:25
t5_2spe2,fluffycookie3,Looking for a group of friends,1,2023-10-26 14:18:28
t5_2spe2,Nicaraguan_American,Any good places to watch the Sunset on campus?,3,2023-10-25 17:28:54
t5_2spe2,Nicaraguan_American,Any good places to watch the Sunset on campus?,3,2023-10-25 16:08:39
t5_2spe2,fluffycookie3,Looking for a group of friends,2,2023-10-25 02:48:41
t5_2spe2,Nicaraguan_American,Any good places to watch the Sunset on campus?,3,2023-10-25 01:50:52
t5_2spe2,Nicaraguan_American,Any good places to watch the Sunset on campus?,6,2023-10-25 01:27:35
t5_2spe2,ConsiderationTop8268,Fine Arts at Elon,1,2023-10-23 23:51:35
t5_2spe2,IslandSweet9548,Honors &amp; Fellows Programs @ Elon+other questions,1,2023-10-22 14:59:57
t5_2spe2,IslandSweet9548,Honors &amp; Fellows Programs @ Elon+other questions,1,2023-10-22 14:59:49
t5_2spe2,IslandSweet9548,Honors &amp; Fellows Programs @ Elon+other questions,1,2023-10-14 19:22:01
t5_2spe2,R1cePanda,Computer engineering at Elon?,2,2023-10-11 17:46:50
t5_2spe2,R1cePanda,Computer engineering at Elon?,1,2023-10-11 16:45:58
t5_2spe2,peloponn,Bummed social kid assigned to Global C. How bad is it?,1,2023-10-05 22:52:17
t5_2spe2,R1cePanda,Prospective transfer student,1,2023-10-05 22:49:46
t5_2spe2,IslandSweet9548,Honors &amp; Fellows Programs @ Elon+other questions,1,2023-10-02 06:19:11
t5_2spe2,IslandSweet9548,Honors &amp; Fellows Programs @ Elon+other questions,2,2023-10-01 21:31:13
t5_2spe2,IslandSweet9548,Honors &amp; Fellows Programs @ Elon+other questions,2,2023-10-01 21:16:43
t5_2spe2,IslandSweet9548,Honors &amp; Fellows Programs @ Elon+other questions,3,2023-10-01 16:45:02
t5_2spe2,elkofather,"runestad, trachman, kingston, mychael smith",1,2023-09-22 02:33:43
t5_2spe2,elkofather,"runestad, trachman, kingston, mychael smith",1,2023-09-22 02:33:21
t5_2spe2,Ok-Possibility-3303,Prospective ‚Äúundocumented‚Äù student. How is it over there?,1,2023-09-22 02:30:49
t5_2spe2,Global-Hat-1139,Is there fun stuff to do during the weekends,1,2023-09-22 00:10:40
t5_2spe2,[deleted],Truth!,1,2023-09-15 01:03:20
t5_2spe2,[deleted],Truth!,1,2023-09-15 00:47:39
t5_2spe2,[deleted],Truth!,1,2023-09-15 00:45:41
t5_2spe2,[deleted],Truth!,1,2023-09-15 00:43:53
t5_2spe2,[deleted],Truth!,1,2023-09-15 00:43:17
t5_2spe2,[deleted],Truth!,1,2023-09-15 00:42:18
t5_2spe2,[deleted],Truth!,1,2023-09-15 00:39:24
t5_2spe2,GreatAgainWs,Elon Musk's H–µart Symbol: A Cryptic M–µssag–µ About AI R–µgulation - Watch Exclusive Video - indinewsly.com,1,2023-09-14 08:26:52
t5_2spe2,Ok-Possibility-3303,Prospective ‚Äúundocumented‚Äù student. How is it over there?,2,2023-09-06 19:51:31
t5_2spe2,Ok-Possibility-3303,Prospective ‚Äúundocumented‚Äù student. How is it over there?,2,2023-09-06 03:09:45
t5_2spe2,Ok-Possibility-3303,Prospective ‚Äúundocumented‚Äù student. How is it over there?,1,2023-09-04 15:04:03
t5_2spe2,Ok-Possibility-3303,Prospective ‚Äúundocumented‚Äù student. How is it over there?,3,2023-09-03 19:00:17
t5_2spe2,R1cePanda,Prospective transfer student,1,2023-09-03 18:21:55
t5_2spe2,Ok-Possibility-3303,Prospective ‚Äúundocumented‚Äù student. How is it over there?,4,2023-09-03 17:43:24
t5_2spe2,Ok-Possibility-3303,Prospective ‚Äúundocumented‚Äù student. How is it over there?,4,2023-09-03 15:43:31
t5_2spe2,Ok-Possibility-3303,Prospective ‚Äúundocumented‚Äù student. How is it over there?,3,2023-09-03 15:00:12
t5_2spe2,Ok-Possibility-3303,Prospective ‚Äúundocumented‚Äù student. How is it over there?,2,2023-09-02 17:57:50
t5_2spe2,Ok-Possibility-3303,Prospective ‚Äúundocumented‚Äù student. How is it over there?,4,2023-09-02 17:52:16
t5_2spe2,Ok-Possibility-3303,Prospective ‚Äúundocumented‚Äù student. How is it over there?,1,2023-09-02 14:47:01
t5_2spe2,Ok-Possibility-3303,Prospective ‚Äúundocumented‚Äù student. How is it over there?,1,2023-09-02 14:45:41
t5_2spe2,Ok-Possibility-3303,Prospective ‚Äúundocumented‚Äù student. How is it over there?,8,2023-09-02 14:42:21
t5_2spe2,Dependent-Ad-5005,Applying to Elon,1,2023-09-01 19:48:38
t5_2spe2,[deleted],Can transfer students pursue the engineering dual-degree?,2,2023-08-26 22:38:05
t5_2spe2,Dependent-Ad-5005,Applying to Elon,2,2023-08-22 00:52:28
t5_2spe2,artificialphantoms,The REAL reason ELON MUSK bought TWITTER. Raoul Pal explains why ELON really bought TWITTER (X).,1,2023-08-19 04:54:50
t5_2spe2,Dependent-Ad-5005,Applying to Elon,2,2023-08-18 03:59:03
t5_2spe2,Dependent-Ad-5005,Applying to Elon,1,2023-08-18 00:26:24
t5_2spe2,Dependent-Ad-5005,Applying to Elon,2,2023-08-18 00:26:08
t5_2spe2,Dependent-Ad-5005,Applying to Elon,2,2023-08-14 19:48:41
t5_2spe2,Dependent-Ad-5005,Applying to Elon,2,2023-08-14 18:47:59
t5_2spe2,Dependent-Ad-5005,Applying to Elon,2,2023-08-14 18:29:23
t5_2spe2,Dependent-Ad-5005,Applying to Elon,2,2023-08-14 18:25:46
t5_2spe2,Dependent-Ad-5005,Applying to Elon,2,2023-08-14 14:49:01
t5_2spe2,Dependent-Ad-5005,Applying to Elon,2,2023-08-14 14:47:54
t5_2spe2,Dependent-Ad-5005,Applying to Elon,2,2023-08-14 14:44:41
t5_2spe2,Dependent-Ad-5005,Applying to Elon,3,2023-08-14 14:37:05
t5_2spe2,Dependent-Ad-5005,Applying to Elon,3,2023-08-14 12:53:58
t5_2spe2,TechTainmentOra,"After the CEO of Meta said it's time to move on from the cage fight, Elon Musk called Mark Zuckerberg a ""chicken""",1,2023-08-14 10:51:53
t5_2spe2,TechTainmentOra,Musk vs Zuckerberg cage battle might take place in Italy,1,2023-08-12 06:12:05
t5_2spe2,TechTainmentOra,Elon Musk's X will now let users to stream live videos,1,2023-08-05 12:40:17
t5_2spe2,[deleted],[deleted by user],1,2023-08-01 20:52:36
t5_2spe2,TechTainmentOra,"Elon Musk becomes X's Product and Engineering Chief, while Yaccarino leads all other divisions",1,2023-08-01 05:41:28
t5_2tr91,Khalbrae,"Elon Musk‚Äôs Grok Twitter AI Is Actually ‚ÄòWoke,‚Äô Hilarity Ensues",1,2023-12-13 04:47:59
t5_2tr91,Khalbrae,"Bell Media, Angus Reid and other Canadian brands halt ads on X amid extremism concerns",1,2023-12-13 04:42:37
t5_2tr91,Khalbrae,"Elon Musk‚Äôs Grok Twitter AI Is Actually ‚ÄòWoke,‚Äô Hilarity Ensues",1,2023-12-13 04:39:02
t5_2tr91,Khalbrae,"Elon Musk‚Äôs Grok Twitter AI Is Actually ‚ÄòWoke,‚Äô Hilarity Ensues",1,2023-12-13 04:35:52
t5_2tr91,Khalbrae,"Elon Musk‚Äôs Grok Twitter AI Is Actually ‚ÄòWoke,‚Äô Hilarity Ensues",1,2023-12-13 04:34:27
t5_2tr91,TaylorSwiftian,The Elon Musk hate reminds me of how Bill Gates was considered Darth Vader by his enemies during the late 1990s,1,2023-12-13 04:32:38
t5_2tr91,Khalbrae,"Elon Musk‚Äôs Grok Twitter AI Is Actually ‚ÄòWoke,‚Äô Hilarity Ensues",1,2023-12-13 04:32:25
t5_2tr91,Khalbrae,"Elon Musk‚Äôs Grok Twitter AI Is Actually ‚ÄòWoke,‚Äô Hilarity Ensues",1,2023-12-13 04:29:20
t5_2tr91,TaylorSwiftian,The Elon Musk hate reminds me of how Bill Gates was considered Darth Vader by his enemies during the late 1990s,1,2023-12-13 04:16:46
t5_2tr91,TaylorSwiftian,The Elon Musk hate reminds me of how Bill Gates was considered Darth Vader by his enemies during the late 1990s,1,2023-12-13 04:15:45
t5_2tr91,TaylorSwiftian,The Elon Musk hate reminds me of how Bill Gates was considered Darth Vader by his enemies during the late 1990s,1,2023-12-13 04:12:23
t5_2tr91,Khalbrae,"Bell Media, Angus Reid and other Canadian brands halt ads on X amid extremism concerns",1,2023-12-13 04:03:48
t5_2tr91,Reasonable_Ad9349,Alex Jones and his conspiracy theories are allowed back on X,1,2023-12-13 03:59:47
t5_2tr91,TaylorSwiftian,The Elon Musk hate reminds me of how Bill Gates was considered Darth Vader by his enemies during the late 1990s,1,2023-12-13 03:51:27
t5_2tr91,Immortan_Joe-mama,"Elon Musk, Andrew Tate, Alex Jones, Vivek Ramaswamy",1,2023-12-13 03:47:49
t5_2tr91,Khalbrae,"Bell Media, Angus Reid and other Canadian brands halt ads on X amid extremism concerns",1,2023-12-13 03:44:13
t5_2tr91,Khalbrae,"Bell Media, Angus Reid and other Canadian brands halt ads on X amid extremism concerns",1,2023-12-13 03:43:25
t5_2tr91,Khalbrae,"Bell Media, Angus Reid and other Canadian brands halt ads on X amid extremism concerns",1,2023-12-13 03:43:09
t5_2tr91,Khalbrae,"Elon Musk‚Äôs Grok Twitter AI Is Actually ‚ÄòWoke,‚Äô Hilarity Ensues",1,2023-12-13 03:42:55
t5_2tr91,Khalbrae,"Bell Media, Angus Reid and other Canadian brands halt ads on X amid extremism concerns",1,2023-12-13 03:40:19
t5_2tr91,Khalbrae,"Bell Media, Angus Reid and other Canadian brands halt ads on X amid extremism concerns",1,2023-12-13 03:37:52
t5_2tr91,Khalbrae,"Elon Musk‚Äôs Grok Twitter AI Is Actually ‚ÄòWoke,‚Äô Hilarity Ensues",1,2023-12-13 03:33:23
t5_2tr91,Reasonable_Ad9349,Alex Jones and his conspiracy theories are allowed back on X,1,2023-12-13 03:32:51
t5_2tr91,Immortan_Joe-mama,"Elon Musk, Andrew Tate, Alex Jones, Vivek Ramaswamy",1,2023-12-13 03:32:44
t5_2tr91,Reasonable_Ad9349,Alex Jones and his conspiracy theories are allowed back on X,1,2023-12-13 03:30:51
t5_2tr91,Reasonable_Ad9349,Alex Jones and his conspiracy theories are allowed back on X,1,2023-12-13 03:29:12
t5_2tr91,Khalbrae,Tesla could still sue Cybertruck owners if they flip their vehicles too soon,1,2023-12-13 03:28:44
t5_2tr91,Khalbrae,"Bell Media, Angus Reid and other Canadian brands halt ads on X amid extremism concerns",1,2023-12-13 03:28:02
t5_2tr91,Reasonable_Ad9349,Alex Jones and his conspiracy theories are allowed back on X,1,2023-12-13 03:27:47
t5_2tr91,Reasonable_Ad9349,Alex Jones and his conspiracy theories are allowed back on X,1,2023-12-13 03:26:18
t5_2tr91,Reasonable_Ad9349,Alex Jones and his conspiracy theories are allowed back on X,1,2023-12-13 03:23:23
t5_2tr91,Khalbrae,"Bell Media, Angus Reid and other Canadian brands halt ads on X amid extremism concerns",1,2023-12-13 03:10:06
t5_2tr91,Khalbrae,"Bell Media, Angus Reid and other Canadian brands halt ads on X amid extremism concerns",1,2023-12-13 03:08:15
t5_2tr91,Immortan_Joe-mama,"Elon Musk, Andrew Tate, Alex Jones, Vivek Ramaswamy",1,2023-12-13 03:07:04
t5_2tr91,OutdoorzExplorerz,Could Grok save Twitter?,1,2023-12-13 03:05:56
t5_2tr91,TaylorSwiftian,The Elon Musk hate reminds me of how Bill Gates was considered Darth Vader by his enemies during the late 1990s,1,2023-12-13 03:05:48
t5_2tr91,Khalbrae,"Elon Musk‚Äôs Grok Twitter AI Is Actually ‚ÄòWoke,‚Äô Hilarity Ensues",1,2023-12-13 03:03:42
t5_2tr91,Khalbrae,"Bell Media, Angus Reid and other Canadian brands halt ads on X amid extremism concerns",1,2023-12-13 03:03:11
t5_2tr91,Khalbrae,"Bell Media, Angus Reid and other Canadian brands halt ads on X amid extremism concerns",1,2023-12-13 03:02:36
t5_2tr91,Khalbrae,"Bell Media, Angus Reid and other Canadian brands halt ads on X amid extremism concerns",1,2023-12-13 03:01:44
t5_2tr91,Khalbrae,Tesla could still sue Cybertruck owners if they flip their vehicles too soon,1,2023-12-13 03:00:09
t5_2tr91,Khalbrae,"Elon Musk‚Äôs Grok Twitter AI Is Actually ‚ÄòWoke,‚Äô Hilarity Ensues",1,2023-12-13 02:59:04
t5_2tr91,TaylorSwiftian,The Elon Musk hate reminds me of how Bill Gates was considered Darth Vader by his enemies during the late 1990s,1,2023-12-13 02:48:10
t5_2tr91,TaylorSwiftian,The Elon Musk hate reminds me of how Bill Gates was considered Darth Vader by his enemies during the late 1990s,1,2023-12-13 02:41:10
t5_2tr91,TaylorSwiftian,The Elon Musk hate reminds me of how Bill Gates was considered Darth Vader by his enemies during the late 1990s,1,2023-12-13 02:28:17
t5_2tr91,Khalbrae,"Elon Musk‚Äôs Grok Twitter AI Is Actually ‚ÄòWoke,‚Äô Hilarity Ensues",1,2023-12-13 02:20:59
t5_2tr91,Khalbrae,"Elon Musk‚Äôs Grok Twitter AI Is Actually ‚ÄòWoke,‚Äô Hilarity Ensues",1,2023-12-13 01:56:12
t5_2tr91,TaylorSwiftian,The Elon Musk hate reminds me of how Bill Gates was considered Darth Vader by his enemies during the late 1990s,1,2023-12-13 01:54:29
t5_2tr91,Khalbrae,"Elon Musk‚Äôs Grok Twitter AI Is Actually ‚ÄòWoke,‚Äô Hilarity Ensues",1,2023-12-13 01:43:02
t5_2tr91,TaylorSwiftian,The Elon Musk hate reminds me of how Bill Gates was considered Darth Vader by his enemies during the late 1990s,1,2023-12-13 01:41:50
t5_2tr91,TaylorSwiftian,The Elon Musk hate reminds me of how Bill Gates was considered Darth Vader by his enemies during the late 1990s,1,2023-12-13 01:39:57
t5_2tr91,TaylorSwiftian,The Elon Musk hate reminds me of how Bill Gates was considered Darth Vader by his enemies during the late 1990s,1,2023-12-13 01:37:59
t5_2tr91,TaylorSwiftian,The Elon Musk hate reminds me of how Bill Gates was considered Darth Vader by his enemies during the late 1990s,1,2023-12-13 01:32:19
t5_2tr91,Khalbrae,Tesla could still sue Cybertruck owners if they flip their vehicles too soon,1,2023-12-13 01:15:02
t5_2tr91,Khalbrae,Tesla could still sue Cybertruck owners if they flip their vehicles too soon,1,2023-12-13 01:12:56
t5_2tr91,Immortan_Joe-mama,"Elon Musk, Andrew Tate, Alex Jones, Vivek Ramaswamy",1,2023-12-13 01:12:00
t5_2tr91,Khalbrae,Tesla could still sue Cybertruck owners if they flip their vehicles too soon,1,2023-12-13 01:09:57
t5_2tr91,Khalbrae,Tesla could still sue Cybertruck owners if they flip their vehicles too soon,1,2023-12-13 01:03:32
t5_2tr91,Khalbrae,Tesla could still sue Cybertruck owners if they flip their vehicles too soon,1,2023-12-13 01:02:46
t5_2tr91,Reasonable_Ad9349,"Alex Jones Joins Elon Musk, Andrew Tate, Vivek Ramaswamy in X Conversation",1,2023-12-13 00:58:34
t5_2tr91,Khalbrae,"Elon Musk‚Äôs Grok Twitter AI Is Actually ‚ÄòWoke,‚Äô Hilarity Ensues",1,2023-12-13 00:50:56
t5_2tr91,Khalbrae,"Elon Musk‚Äôs Grok Twitter AI Is Actually ‚ÄòWoke,‚Äô Hilarity Ensues",1,2023-12-13 00:48:01
t5_2tr91,Khalbrae,Tesla Cybertruck Owner Discovers Unexplained ‚ÄòWade Mode‚Äô Buried in Settings,1,2023-12-13 00:45:37
t5_2tr91,Khalbrae,Tesla could still sue Cybertruck owners if they flip their vehicles too soon,1,2023-12-13 00:43:16
t5_2tr91,Khalbrae,"Bell Media, Angus Reid and other Canadian brands halt ads on X amid extremism concerns",1,2023-12-13 00:41:23
t5_2tr91,Khalbrae,"Bell Media, Angus Reid and other Canadian brands halt ads on X amid extremism concerns",1,2023-12-13 00:09:36
t5_2tr91,Khalbrae,Tesla could still sue Cybertruck owners if they flip their vehicles too soon,1,2023-12-12 23:55:35
t5_2tr91,Khalbrae,"Bell Media, Angus Reid and other Canadian brands halt ads on X amid extremism concerns",1,2023-12-12 23:34:30
t5_2tr91,Khalbrae,"Bell Media, Angus Reid and other Canadian brands halt ads on X amid extremism concerns",1,2023-12-12 23:33:37
t5_2tr91,Khalbrae,"Bell Media, Angus Reid and other Canadian brands halt ads on X amid extremism concerns",1,2023-12-12 23:24:43
t5_2tr91,Khalbrae,Tesla could still sue Cybertruck owners if they flip their vehicles too soon,1,2023-12-12 23:21:15
t5_2tr91,Khalbrae,Tesla could still sue Cybertruck owners if they flip their vehicles too soon,1,2023-12-12 23:04:22
t5_2tr91,Khalbrae,Tesla could still sue Cybertruck owners if they flip their vehicles too soon,1,2023-12-12 23:02:03
t5_2tr91,Khalbrae,Tesla could still sue Cybertruck owners if they flip their vehicles too soon,1,2023-12-12 23:01:33
t5_2tr91,VladVamos,Elon Musk acting weird at DealBook Summit,1,2023-12-12 22:41:39
t5_2tr91,Khalbrae,Tesla could still sue Cybertruck owners if they flip their vehicles too soon,1,2023-12-12 22:40:58
t5_2tr91,Khalbrae,Tesla could still sue Cybertruck owners if they flip their vehicles too soon,1,2023-12-12 22:35:48
t5_2tr91,Khalbrae,"Bell Media, Angus Reid and other Canadian brands halt ads on X amid extremism concerns",1,2023-12-12 22:16:58
t5_2tr91,rohitgupta010,Why Does Elon Musk Want Disney CEO to Be sacked?,1,2023-12-12 22:13:26
t5_2tr91,Khalbrae,"Bell Media, Angus Reid and other Canadian brands halt ads on X amid extremism concerns",1,2023-12-12 21:52:43
t5_2tr91,Khalbrae,"Elon Musk‚Äôs Grok Twitter AI Is Actually ‚ÄòWoke,‚Äô Hilarity Ensues",1,2023-12-12 21:52:19
t5_2tr91,Khalbrae,Tesla could still sue Cybertruck owners if they flip their vehicles too soon,1,2023-12-12 21:51:34
t5_2tr91,Khalbrae,Tesla could still sue Cybertruck owners if they flip their vehicles too soon,1,2023-12-12 21:46:04
t5_2tr91,Immortan_Joe-mama,"Elon Musk, Andrew Tate, Alex Jones, Vivek Ramaswamy",1,2023-12-12 21:42:44
t5_2tr91,Immortan_Joe-mama,"Elon Musk, Andrew Tate, Alex Jones, Vivek Ramaswamy",1,2023-12-12 21:31:02
t5_2tr91,Immortan_Joe-mama,"Elon Musk, Andrew Tate, Alex Jones, Vivek Ramaswamy",1,2023-12-12 21:25:24
t5_2tr91,Immortan_Joe-mama,"Elon Musk, Andrew Tate, Alex Jones, Vivek Ramaswamy",1,2023-12-12 21:22:16
t5_2tr91,Khalbrae,"Elon Musk‚Äôs Grok Twitter AI Is Actually ‚ÄòWoke,‚Äô Hilarity Ensues",1,2023-12-12 21:21:23
t5_2tr91,Khalbrae,"Elon Musk‚Äôs Grok Twitter AI Is Actually ‚ÄòWoke,‚Äô Hilarity Ensues",1,2023-12-12 21:19:58
t5_2tr91,Khalbrae,Tesla could still sue Cybertruck owners if they flip their vehicles too soon,1,2023-12-12 21:01:12
t5_2tr91,Khalbrae,"Elon Musk‚Äôs Grok Twitter AI Is Actually ‚ÄòWoke,‚Äô Hilarity Ensues",1,2023-12-12 20:51:01
t5_2tr91,Khalbrae,Tesla Cybertruck Owner Discovers Unexplained ‚ÄòWade Mode‚Äô Buried in Settings,1,2023-12-12 20:49:40
t5_2tr91,Khalbrae,"Elon Musk‚Äôs Grok Twitter AI Is Actually ‚ÄòWoke,‚Äô Hilarity Ensues",1,2023-12-12 20:44:03
t5_2tr91,Khalbrae,"Elon Musk‚Äôs Grok Twitter AI Is Actually ‚ÄòWoke,‚Äô Hilarity Ensues",1,2023-12-12 20:41:41
t5_2tr91,rohitgupta010,Why Does Elon Musk Want Disney CEO to Be sacked?,1,2023-12-12 20:38:23
t5_2tr91,Khalbrae,"Bell Media, Angus Reid and other Canadian brands halt ads on X amid extremism concerns",1,2023-12-12 20:26:53
t5_2tr91,Khalbrae,"Elon Musk‚Äôs Grok Twitter AI Is Actually ‚ÄòWoke,‚Äô Hilarity Ensues",1,2023-12-12 20:06:27
t5_2tr91,Reasonable_Ad9349,Alex Jones and his conspiracy theories are allowed back on X,1,2023-12-12 20:05:23
t5_2tr91,Khalbrae,"Elon Musk‚Äôs Grok Twitter AI Is Actually ‚ÄòWoke,‚Äô Hilarity Ensues",1,2023-12-12 20:02:10
t5_2tr91,Immortan_Joe-mama,"Elon Musk, Andrew Tate, Alex Jones, Vivek Ramaswamy",1,2023-12-12 20:00:12
